S.No.,Company,Job ID,Function,Location,Title,Description,Posted On,Page Number
1,IBM,REQ21211812,Research Engineer- IBM Research,,Software Engineering,Entry Level,2024-10-30,1
2,IBM,REQ21214063,Package Consultant: Oracle ERP Cloud Financials,Bangalore,Consulting,Professional,2024-10-30,1
3,IBM,REQ21214060,Cloud developer_Serverless platform,Bangalore,Infrastructure & Technology,Professional,2024-10-30,1
4,IBM,REQ21214059,Cloud Platform Developer,Bangalore,Software Engineering,Professional,2024-10-30,1
5,IBM,REQ20957293,Cloud Developer,Bangalore,Software Engineering,Professional,2024-10-30,1
6,IBM,REQ21212509,Enterprise Architect,Bangalore,Software Engineering,Professional,2024-10-30,1
7,IBM,REQ21212521,Software Engineer,Bangalore,Software Engineering,Entry Level,2024-10-30,1
8,IBM,REQ20997857,Advisory UX Designer,Bangalore,Design & UX,Professional,2024-10-30,1
9,IBM,REQ21211935,Qualification Engineer - Functional Testing,Bangalore,Infrastructure & Technology,Professional,2024-10-30,1
10,IBM,REQ21049975,Research Engineer- IBM Research,,Software Engineering,Entry Level,2024-10-30,1
11,IBM,REQ21194556,Software Engineer,Bangalore,Software Engineering,Professional,2024-10-30,1
12,IBM,REQ21194555,Software Engineer,Bangalore,Software Engineering,Professional,2024-10-30,1
13,IBM,REQ21194557,Software Engineer,Bangalore,Software Engineering,Professional,2024-10-30,1
14,IBM,REQ21167641,DevOps Champion,Bangalore,Infrastructure & Technology,Professional,2024-10-30,1
15,IBM,REQ21108285,Package Consultant: Oracle ERP Cloud Financials,Gurgaon,Consulting,Professional,2024-10-30,1
16,IBM,REQ20966634,"Storage Software Engineer - C_C++, Device Driver",,Software Engineering,Professional,2024-10-30,1
17,IBM,REQ21206296,Linux Kernel Developer,Bangalore,Software Engineering,Entry Level,2024-10-30,1
18,IBM,REQ21194553,Cloud Senior Design Manager,Bangalore,Software Engineering,Professional,2024-10-30,1
19,IBM,REQ21196727,UX Designer,Bangalore,Design & UX,Professional,2024-10-30,1
20,IBM,REQ21194545,UX Designer,Bangalore,Design & UX,Professional,2024-10-30,1
21,IBM,REQ21205795,Automation Test,,Software Engineering,Entry Level,2024-10-30,1
22,IBM,REQ21205804,Cloud Platform Developer,Bangalore,Software Engineering,Professional,2024-10-30,1
23,IBM,REQ21205819,Senior Software Engineering Manager,Bangalore,Software Engineering,Professional,2024-10-30,1
24,IBM,REQ20950161,SAP FIN CO Hana Consultant,,Consulting,Professional,2024-10-30,1
25,IBM,REQ21204813,"Storage Software Engineer - C/C++, Cloud",,Software Engineering,Professional,2024-10-30,1
26,IBM,REQ21024378,Storage Software Engineer - DP4DB - C_C++_DB2_HANA_Oracle,,Software Engineering,Professional,2024-10-30,1
27,IBM,REQ21201877,"Product Marketing Manager, IBM Cloud Pak for AIOps",Bangalore,Enterprise Operations,Professional,2024-10-30,1
28,IBM,REQ20854320,Senior Staff Development Engineer,Bangalore,Infrastructure & Technology,Professional,2024-10-30,1
29,IBM,REQ21200640,Senior Managing Consultant- SAP Ariba,,Consulting,Professional,2024-10-30,1
30,IBM,REQ21119104,Cloud Developer,Hyderabad,Software Engineering,Professional,2024-10-30,1
31,IBM,REQ21199946,SAP Complex Project Manager,Mumbai,Consulting,Professional,2024-10-30,2
32,IBM,REQ21199965,Command Center Lead,Mumbai,Consulting,Professional,2024-10-30,2
33,IBM,REQ21199945,IBM Cloud Z Infrastructure Compute Developer,Bangalore,Infrastructure & Technology,Professional,2024-10-30,2
34,IBM,REQ21196733,Software Manager,Bangalore,Software Engineering,Professional,2024-10-30,2
35,IBM,REQ21196739,Full stack developer,Bangalore,Software Engineering,Professional,2024-10-30,2
36,IBM,REQ21196727,UX Designer - Network,Bangalore,Design & UX,Professional,2024-10-30,2
37,IBM,REQ21040359,Package Consultant: Oracle ERP Cloud Financials,Kolkata,Consulting,Professional,2024-10-30,2
38,IBM,REQ21194545,UX Designer - Data,Bangalore,Design & UX,Professional,2024-10-30,2
39,IBM,REQ21194521,Deputy Manager - Risk and Compliance,Bangalore,Enterprise Operations,Entry Level,2024-10-30,2
40,IBM,REQ21189662,Package Specialist: SAP Basis,Bangalore,Software Engineering,Professional,2024-10-30,2
41,IBM,REQ21189661,Package Specialist: SAP Basis,Bangalore,Software Engineering,Professional,2024-10-30,2
42,IBM,REQ20795017,SAP Consultant - SAP HANA (Finance),Bangalore,Consulting,Professional,2024-10-30,2
43,IBM,REQ20689629,SAP Consultant - SAP HANA (Finance),Pune,Consulting,Professional,2024-10-30,2
44,IBM,REQ21031245,Package Consultant: SAP HANA FIN FSCM,Gurgaon,Consulting,Professional,2024-10-30,2
45,IBM,REQ21188977,Infrastructure Architect,Mumbai,Infrastructure & Technology,Professional,2024-10-30,2
46,IBM,REQ21188937,Infrastructure Architect,Mumbai,Infrastructure & Technology,Professional,2024-10-30,2
47,IBM,REQ21188986,System Development Engineer,Bangalore,Infrastructure & Technology,Professional,2024-10-30,2
48,IBM,REQ21123929,Cloud Developer,Hyderabad,Software Engineering,Entry Level,2024-10-30,2
49,IBM,REQ21177026,Site Reliability Engineer,Bangalore,Software Engineering,Professional,2024-10-30,2
50,IBM,REQ21183498,Security Consultant-WAF,Mumbai,Consulting,Entry Level,2024-10-30,2
51,IBM,REQ21182871,Compiler Backend Developer,Bangalore,Infrastructure & Technology,Professional,2024-10-30,2
52,IBM,REQ20894526,Program Director,Bangalore,Infrastructure & Technology,Professional,2024-10-30,2
53,IBM,REQ21177031,Back-End Developer,,Software Engineering,Professional,2024-10-30,2
54,IBM,REQ21177573,Package Consultant: Oracle ERP Cloud Financials,Gurgaon,Consulting,Professional,2024-10-30,2
55,IBM,REQ21177597,Package Consultant: Oracle ERP Cloud Financials,Gurgaon,Consulting,Professional,2024-10-30,2
56,IBM,REQ21177602,Package Consultant: Oracle ERP Cloud Financials,Gurgaon,Consulting,Professional,2024-10-30,2
57,IBM,REQ21177603,Package Consultant: Oracle ERP Cloud Financials,Gurgaon,Consulting,Professional,2024-10-30,2
58,IBM,REQ21177606,Package Consultant: Oracle ERP Cloud Financials,Gurgaon,Consulting,Professional,2024-10-30,2
59,IBM,REQ21177605,Package Consultant: Oracle ERP Cloud Financials,Gurgaon,Consulting,Professional,2024-10-30,2
60,IBM,REQ21087204,System Development Engineer,Bangalore,Infrastructure & Technology,Entry Level,2024-10-30,2
61,IBM,REQ20893277,SAP Consultant - SAP HANA (Finance),Mumbai,Consulting,Professional,2024-10-30,3
62,IBM,REQ21177030,Back-End Developer,,Software Engineering,Professional,2024-10-30,3
63,IBM,REQ21043789,Package Consultant-SAP HANA SCM SD,,Consulting,Professional,2024-10-30,3
64,IBM,REQ21172914,Credit Risk Mathematician Senior,Bangalore,Enterprise Operations,Professional,2024-10-30,3
65,IBM,REQ21171535,Network Security-WAF L1,Mumbai,Infrastructure & Technology,Entry Level,2024-10-30,3
66,IBM,REQ21170591,POWER Coherency Architect,Bangalore,Infrastructure & Technology,Professional,2024-10-30,3
67,IBM,REQ20944835,System Test Engineer,Bangalore,Infrastructure & Technology,Entry Level,2024-10-30,3
68,IBM,REQ21166309,Program Manager,Bangalore,Consulting,Professional,2024-10-30,3
69,IBM,REQ21165506,Validation Lead,Bangalore,Infrastructure & Technology,Professional,2024-10-30,3
70,IBM,REQ21165467,Ecosystem Product Manager,Bangalore,Project Management,Professional,2024-10-30,3
71,IBM,REQ21040361,Package Consultant: Oracle ERP Cloud Financials,Kolkata,Consulting,Professional,2024-10-30,3
72,IBM,REQ21164896,Open BMC developer,Bangalore,Software Engineering,Entry Level,2024-10-30,3
73,IBM,REQ21161220,Process Analyst Risk and Compliance - Transaction Monitoring,Bangalore,Enterprise Operations,Entry Level,2024-10-30,3
74,IBM,REQ21010324,Deputy Manager - Risk and Compliance,Bangalore,Enterprise Operations,Entry Level,2024-10-30,3
75,IBM,REQ21010329,Deputy Manager - Risk and Compliance,Bangalore,Enterprise Operations,Entry Level,2024-10-30,3
76,IBM,REQ21010316,Process Associate- Risk and Compliance,Bangalore,Enterprise Operations,Entry Level,2024-10-30,3
77,IBM,REQ21010320,Process Associate- Risk and Compliance,Bangalore,Enterprise Operations,Entry Level,2024-10-30,3
78,IBM,REQ21010317,Process Associate- Risk and Compliance,Bangalore,Enterprise Operations,Entry Level,2024-10-30,3
79,IBM,REQ21010332,Deputy Manager - Risk and Compliance,Bangalore,Enterprise Operations,Entry Level,2024-10-30,3
80,IBM,REQ21010330,Deputy Manager - Risk and Compliance,Bangalore,Enterprise Operations,Entry Level,2024-10-30,3
81,IBM,REQ21010325,Deputy Manager - Risk and Compliance,Bangalore,Enterprise Operations,Entry Level,2024-10-30,3
82,IBM,REQ21024380,Process Analyst - Risk and Compliance,Bangalore,Enterprise Operations,Entry Level,2024-10-30,3
83,IBM,REQ21010318,Process Associate- Risk and Compliance,Bangalore,Enterprise Operations,Entry Level,2024-10-30,3
84,IBM,REQ21010321,Deputy Manager - Risk and Compliance,Bangalore,Enterprise Operations,Entry Level,2024-10-30,3
85,IBM,REQ21010319,Process Associate- Risk and Compliance,Bangalore,Enterprise Operations,Entry Level,2024-10-30,3
86,IBM,REQ21159216,Open BMC Developer,Bangalore,Software Engineering,Professional,2024-10-30,3
87,IBM,REQ21153985,Security Test Specialist,Bangalore,Infrastructure & Technology,Professional,2024-10-30,3
88,IBM,REQ21150645,Devops Developer,Bangalore,Infrastructure & Technology,Professional,2024-10-30,3
89,IBM,REQ21150633,Compiler Backend Developer,Bangalore,Infrastructure & Technology,Professional,2024-10-30,3
90,IBM,REQ20766519,Logic Design Engineer,Bangalore,Infrastructure & Technology,Professional,2024-10-30,3
91,IBM,REQ21123909,Process Analyst - Risk and Compliance,Bangalore,Enterprise Operations,Entry Level,2024-10-30,4
92,IBM,REQ21086802,Compiler Technical Leader,Bangalore,Software Engineering,Professional,2024-10-30,4
93,IBM,REQ21086801,Compiler Technical Leader,Bangalore,Software Engineering,Professional,2024-10-30,4
94,IBM,REQ20694179,Senior Product Architect - IBM Storage Protect Portfolio,Bangalore,Software Engineering,Professional,2024-10-30,4
95,IBM,REQ21129872,Package Consultant: Oracle ERP Cloud Financials,Bangalore,Consulting,Professional,2024-10-30,4
96,IBM,REQ21138333,Physical Design Engineer,Bangalore,Infrastructure & Technology,Professional,2024-10-30,4
97,IBM,REQ21138340,Physical Design Engineer,Bangalore,Infrastructure & Technology,Professional,2024-10-30,4
98,IBM,REQ21138339,Physical Design Engineer,Bangalore,Infrastructure & Technology,Professional,2024-10-30,4
99,IBM,REQ20771468,［日本IBM］コネクティッドカー テクニカルコンサルタント /アーキテクト/ブリッジエンジニア,"Tokyo, JP",Consulting,Professional,2024-10-30,4
100,IBM,REQ20706839,Hardware Engineer,,Infrastructure & Technology,Entry Level,2024-10-30,4
101,IBM,REQ21126521,Technical support specialist,Bangalore,Software Engineering,Professional,2024-10-30,4
102,IBM,REQ21124601,Development Engineer for Electronic Design Automation (m/w/x),"Boeblingen, DE",Infrastructure & Technology,Entry Level,2024-10-30,4
103,IBM,REQ21119135,Full Stack Developer,Bangalore,Software Engineering,Entry Level,2024-10-30,4
104,IBM,REQ21108276,EDA Developer-Bugspray,Bangalore,Infrastructure & Technology,Professional,2024-10-30,4
105,IBM,REQ21087749,Open Source AI Library Developer,Bangalore,Infrastructure & Technology,Professional,2024-10-30,4
106,IBM,REQ21087745,"Storage Software Engineer - C/C++, Cloud",,Software Engineering,Professional,2024-10-30,4
107,IBM,REQ21087744,Storage Performance Engineer - DB2_SAN_C_C++,,Software Engineering,Professional,2024-10-30,4
108,IBM,REQ21087275,IBM Cloud Z Infrastructure Compute Developer,Bangalore,Infrastructure & Technology,Professional,2024-10-30,4
109,IBM,REQ21087231,Program Director,Bangalore,Infrastructure & Technology,Professional,2024-10-30,4
110,IBM,REQ21087237,System Development Engineer,Bangalore,Infrastructure & Technology,Entry Level,2024-10-30,4
111,IBM,REQ21087238,System Development Engineer,Bangalore,Infrastructure & Technology,Entry Level,2024-10-30,4
112,IBM,REQ21086749,Full Stack Developer,Bangalore,Software Engineering,Professional,2024-10-30,4
113,IBM,REQ21086747,Full Stack Developer,Bangalore,Software Engineering,Professional,2024-10-30,4
114,IBM,REQ21086750,QA/Test developer -Z,Bangalore,Software Engineering,Professional,2024-10-30,4
115,IBM,REQ21083297,Linux AI Library Developer,Bangalore,Infrastructure & Technology,Professional,2024-10-30,4
116,IBM,REQ21071380,Package Consultant: Oracle ERP Cloud Financials,Gurgaon,Consulting,Professional,2024-10-30,4
117,IBM,REQ21071383,Package Consultant: Oracle ERP Cloud Financials,Gurgaon,Consulting,Professional,2024-10-30,4
118,IBM,REQ21062535,Sr Staff System Development Engineer,Bangalore,Infrastructure & Technology,Professional,2024-10-30,4
119,IBM,REQ21061828,Semiconductor Package Design – Electrical Analysis Engineer,Bangalore,Infrastructure & Technology,Professional,2024-10-30,4
120,IBM,REQ21056561,Package Consultant: Oracle ERP Cloud Financials,Gurgaon,Consulting,Professional,2024-10-30,4
121,IBM,REQ21056516,Process Analyst - Recruitment,Bangalore,Enterprise Operations,Entry Level,2024-10-30,5
122,IBM,REQ21056510,Sr Process Analyst– Payroll,Bangalore,Enterprise Operations,Entry Level,2024-10-30,5
123,IBM,REQ21056515,Process Analyst - Recruitment,Bangalore,Enterprise Operations,Entry Level,2024-10-30,5
124,IBM,REQ21056514,Process Analyst - Recruitment,Bangalore,Enterprise Operations,Entry Level,2024-10-30,5
125,IBM,REQ21044527,QA/Test developer -Z,Bangalore,Software Engineering,Professional,2024-10-30,5
126,IBM,REQ21040347,Package Consultant: Oracle ERP Cloud Financials,Bangalore,Consulting,Professional,2024-10-30,5
127,IBM,REQ21031198,Process Analyst - Risk and Compliance,Bangalore,Enterprise Operations,Entry Level,2024-10-30,5
128,IBM,REQ21031197,Process Analyst - Risk and Compliance,Bangalore,Enterprise Operations,Entry Level,2024-10-30,5
129,IBM,REQ21016117,Compiler Developer,Bangalore,Infrastructure & Technology,Professional,2024-10-30,5
130,IBM,REQ21016116,SW Development Manager,Bangalore,Software Engineering,Professional,2024-10-30,5
131,IBM,REQ21011360,Process Associate - Risk and Compliance,Bangalore,Enterprise Operations,Entry Level,2024-10-30,5
132,IBM,REQ21010394,Senior Design Manager,,Design & UX,Professional,2024-10-30,5
133,IBM,REQ21010395,Senior Design Manager,,Design & UX,Professional,2024-10-30,5
134,IBM,REQ21010328,Deputy Manager - Risk and Compliance,Bangalore,Enterprise Operations,Entry Level,2024-10-30,5
135,IBM,REQ21004553,Hardware Developer,Bangalore,Infrastructure & Technology,Professional,2024-10-30,5
136,IBM,REQ21004545,Physical Design Engineer,Bangalore,Infrastructure & Technology,Professional,2024-10-30,5
137,IBM,REQ20991369,Cloud Ecosystem Product Manager,Bangalore,Project Management,Professional,2024-10-30,5
138,IBM,REQ20991361,Package Consultant: Oracle ERP Cloud Financials,Gurgaon,Consulting,Professional,2024-10-30,5
139,IBM,REQ20991362,Package Consultant: Oracle ERP Cloud Financials,Gurgaon,Consulting,Professional,2024-10-30,5
140,IBM,REQ20973635,Quality Engineer: FullStack,Bangalore,Software Engineering,Professional,2024-10-30,5
141,IBM,REQ20973637,Quality Engineer: FullStack,Bangalore,Software Engineering,Professional,2024-10-30,5
142,IBM,REQ20957291,Cloud Developer,Bangalore,Software Engineering,Professional,2024-10-30,5
143,IBM,REQ20956842,Package Consultant-SAP Ariba,,Consulting,Professional,2024-10-30,5
144,IBM,REQ20939628,SAP Project Manager,"Bucharest, RO",Project Management,Professional,2024-10-30,5
145,IBM,REQ20916273,Infrastructure Architect,Mumbai,Infrastructure & Technology,Professional,2024-10-30,5
146,IBM,REQ20795021,Package Consultant SAP HANA SD,Mumbai,Consulting,Professional,2024-10-30,5
147,IBM,REQ20795036,Sr. Cloud & AI Engineer,Bangalore,Software Engineering,Professional,2024-10-30,5
148,IBM,REQ20706838,Software Engineer,,Infrastructure & Technology,Entry Level,2024-10-30,5
149,IBM,REQ20672843,EDA Backend Methodology Engineer,Bangalore,Infrastructure & Technology,Professional,2024-10-30,5
150,IBM,REQ20439895,Linux Kernel Developer,Bangalore,Software Engineering,Professional,2024-10-30,5
